Train\Jacket\240301-plp-jackets-m-m.jpg,Jacket
Train\LongPants\image_file__50457.1694671630.jpg,LongPants
Train\Shoes\images.jpg,Shoes
Train\LongPants\image61.jpeg,LongPants
Train\Jacket\image43.jpeg,Jacket
Train\LongPants\image48.jpeg,LongPants
Train\Sandals\image59.jpeg,Sandals
Train\Sandals\611zPxd4bFL._AC_UY1000_.jpg,Sandals
Train\ShortPants\c484631e-69b3-4326-a0aa-2da88f50f52d1696316994628Shorts1.jpg,ShortPants
Train\Jacket\image11.jpeg,Jacket
Train\Shoes\image18.jpeg,Shoes
Train\Jacket\FLAMEBOMBERJACKET_1_800x.jpg,Jacket
Train\ShortPants\image35.jpeg,ShortPants
Train\Shoes\image8.jpeg,Shoes
Train\Sandals\960x0.jpg,Sandals
Train\TShirt\s-l1200.jpg,TShirt
Train\ShortPants\image25.jpeg,ShortPants
Train\Shoes\216_1800x1200_crop_center.jpg,Shoes
Train\Sandals\image20.jpeg,Sandals
Train\Jacket\image16.jpeg,Jacket
Train\TShirt\O81001LadiesFitT-shirt_DustyPurple_850x.jpg,TShirt
Train\ShortPants\image30.jpeg,ShortPants
Train\LongPants\images4.jpg,LongPants
Train\ShortPants\images.jpg,ShortPants
Train\ShortPants\6440f0af75838_1681977519.jpg,ShortPants
Train\Jacket\image47.jpeg,Jacket
Train\LongPants\image30.jpeg,LongPants
Train\Shoes\Ultrabounce_Shoes_Blue_HP5783_HM1.jpg,Shoes
Train\LongPants\image52.jpeg,LongPants
Train\Jacket\images40.jpg,Jacket
Train\ShortPants\image29.jpeg,ShortPants
Train\LongPants\a0175481-cdc4-4b_351820_AK.jpg,LongPants
Train\Jacket\images32.jpg,Jacket
Train\LongPants\image67.jpeg,LongPants
Train\LongPants\image27.jpeg,LongPants
Train\Shoes\slide_10.jpg,Shoes
Train\Shoes\run-reebok-running-shoes-64e3beadbe692.jpg,Shoes
Train\Shoes\running-shoes-2048px-9718.jpg,Shoes
Train\Sandals\sandals-2048px-5367-2x1-1.jpg,Sandals
Train\Jacket\image63.jpeg,Jacket
Train\ShortPants\image41.jpeg,ShortPants
Train\ShortPants\Haf308c576bb8428d96e69c1c709c5d7ax.jpg_300x300.jpg,ShortPants
Train\Jacket\best_mens_winter_jackets_header.png,Jacket
Train\ShortPants\image57.jpeg,ShortPants
Train\Shoes\image25.jpeg,Shoes
Train\Shoes\90s-shoes-1659629872.png,Shoes
Train\ShortPants\image51.jpeg,ShortPants
Train\LongPants\image59.jpeg,LongPants
Train\ShortPants\image48.jpeg,ShortPants
Train\LongPants\image2.jpeg,LongPants
Train\ShortPants\maxresdefault.jpg,ShortPants
Train\Jacket\images30.jpg,Jacket
Train\LongPants\image49.jpeg,LongPants
Train\ShortPants\image3.jpeg,ShortPants
Train\LongPants\image8.jpeg,LongPants
Train\Shoes\trail-running-shoes-brooks-ashley-tested.jpg,Shoes
Train\Jacket\image52.jpeg,Jacket
Train\Jacket\images24.jpg,Jacket
Train\TShirt\67034456_01.jpg,TShirt
Train\Jacket\images18.jpg,Jacket
Train\Jacket\large_A038.jpg,Jacket
Train\Sandals\2024-L2-PW1-66680055-41-4.jpg,Sandals
Train\ShortPants\Z01_65694-01.jpg,ShortPants
Train\Shoes\image29.jpeg,Shoes
Train\Shoes\image15.jpeg,Shoes
Train\LongPants\101663.100_1_large.jpg,LongPants
Train\Jacket\images36.jpg,Jacket
Train\LongPants\happiness-istanbul-4584-5477213-1.jpg,LongPants
Train\Jacket\image38.jpeg,Jacket
Train\LongPants\BG25820TECHNO20SLIDE20ON20LONGS20TAUPE20.jpg,LongPants
Train\LongPants\image28.jpeg,LongPants
Train\Jacket\images42.jpg,Jacket
Train\ShortPants\men-summer-short-pants-500x500.jpg,ShortPants
Train\Sandals\image13.jpeg,Sandals
Train\ShortPants\image33.jpeg,ShortPants
Train\Sandals\NADJA-0086508730002028_Top.jpg,Sandals
Train\Jacket\image3.jpeg,Jacket
Train\Jacket\images22.jpg,Jacket
Train\ShortPants\image63.jpeg,ShortPants
Train\ShortPants\-stripes-50-56-vintage-little-flowers-1_4f6f98a4-d482-49d9-9658-b9f10dc13a42.jpg,ShortPants
Train\ShortPants\images5.jpg,ShortPants
Train\TShirt\1_hero-image.jpg,TShirt
Train\Jacket\image58.jpeg,Jacket
Train\Jacket\image34.jpeg,Jacket
Train\ShortPants\images4.jpg,ShortPants
Train\Sandals\1_d8352d88-dee4-43eb-96ec-b9fd7985dceb.png,Sandals
Train\Shoes\running-shoes-2048px-5946.jpg,Shoes
Train\TShirt\image21.jpeg,TShirt
Train\Shoes\960x0.png,Shoes
Train\Jacket\cn53635960.jpg,Jacket
Train\TShirt\image51.jpeg,TShirt
Train\TShirt\images.jpg,TShirt
Train\Sandals\image44.jpeg,Sandals
Train\TShirt\image14.jpeg,TShirt
Train\ShortPants\res78b22f8b6b913c122f544c69bd9956d9fr.jpg,ShortPants
Train\ShortPants\casual-men-short-pants_1203-8186.jpg,ShortPants
Train\ShortPants\pantaloni-scurti-barbati-gri-36046x-1-526x736.jpg,ShortPants
Train\Jacket\Finisterre20fourier20jacket.jpg,Jacket
Train\Shoes\image11.jpeg,Shoes
Train\Jacket\960x0.png,Jacket
Train\TShirt\p2014174.jpg,TShirt
Train\LongPants\image25.jpeg,LongPants
Train\LongPants\image4.jpeg,LongPants
Train\LongPants\20180209160632.900016.100.jpg,LongPants
Train\LongPants\image69.jpeg,LongPants
Train\ShortPants\image19.jpeg,ShortPants
Train\TShirt\image42.jpeg,TShirt
Train\TShirt\pexels-monstera-6311539.jpg,TShirt
Train\ShortPants\01_11ea7b0b-0331-47b3-85fa-f9c84be7c857.jpg,ShortPants
Train\TShirt\images2.jpg,TShirt
Train\Shoes\-original-imagsfdvuffvqx4x.jpeg,Shoes
Train\Jacket\image9.jpeg,Jacket
Train\TShirt\images6.jpg,TShirt
Train\TShirt\mh-8-1-shirts-64c921e162bdd.png,TShirt
Train\Shoes\image20.jpeg,Shoes
Train\TShirt\Tshirts_HP.jpg,TShirt
Train\Jacket\CACTUS_DOWNJACKET_mens_grnHERO_fa9c2f6c-5d6d-4b1f-8f72-d0d428ea063a_1200x630.png,Jacket
Train\TShirt\blank-essential-oversized-tshirt-stone_1000x.jpg,TShirt
Train\Jacket\image23.jpeg,Jacket
Train\TShirt\image12.jpeg,TShirt
Train\TShirt\image26.jpeg,TShirt
Train\Jacket\Adicolor_VRCT_Jacket_Green_IJ9776.jpg,Jacket
Train\ShortPants\women-thigh-length-short-pants-500x500.jpg,ShortPants
Train\TShirt\men-s-long-sleeved-fitness-t-shirt-520-whiteslashbeige.jpg,TShirt
Train\Sandals\330E43_BG_5009.jpg,Sandals
Train\Shoes\branded-sports-shoes-for-men-in-india-from-nike-to-puma.jpg,Shoes
Train\LongPants\Houndstooth_Long_Pants_Black_HY0985_21_model.jpg,LongPants
Train\ShortPants\image26.jpeg,ShortPants
Train\ShortPants\s-l12005.jpg,ShortPants
Train\Jacket\images29.jpg,Jacket
Train\LongPants\long_palazzo_pants_for_tall_girls_1024x1024.jpg,LongPants
Train\Jacket\samara-upf-a-line-wind-jacket-women.jpg,Jacket
Train\Jacket\image36.jpeg,Jacket
Train\Sandals\image3.jpeg,Sandals
Train\Jacket\images43.jpg,Jacket
Train\Shoes\GettyImages-1344299159.jpg,Shoes
Train\Shoes\image45.jpeg,Shoes
Train\Shoes\image14.jpeg,Shoes
Train\Jacket\image5.jpeg,Jacket
Train\LongPants\image21.jpeg,LongPants
Train\Sandals\image19.jpeg,Sandals
Train\Jacket\images34.jpg,Jacket
Train\Jacket\image57.jpeg,Jacket
Train\Jacket\championpadstownavylifestyle.jpg,Jacket
Train\LongPants\image44.jpeg,LongPants
Train\Sandals\Edward-Meller-SS23-1961-01_1200x.jpg,Sandals
Train\Sandals\CALLI_20THONG_20SANDAL_e_A_W26965_1200x1200.jpg,Sandals
Train\Jacket\square-1456186471-kanye-jacket-index.jpg,Jacket
Train\ShortPants\image7.jpeg,ShortPants
Train\Jacket\images9.jpg,Jacket
Train\ShortPants\image18.jpeg,ShortPants
Train\TShirt\image35.jpeg,TShirt
Train\Sandals\image10.jpeg,Sandals
Train\Shoes\shoe-pile-2023-0109-preview-6446d61957fde.jpg,Shoes
Train\TShirt\image48.jpeg,TShirt
Train\Sandals\image.jpeg,Sandals
Train\LongPants\image38.jpeg,LongPants
Train\TShirt\E7zzpepLUl6Y6NXzb2l8MIi3cQSf9gm8OSQDkQkM.jpg,TShirt
Train\Jacket\images.jpg,Jacket
Train\LongPants\image11.jpeg,LongPants
Train\LongPants\6561a168fc851a16067aad89-long-pants-for-men-men-solid-color.jpg,LongPants
Train\ShortPants\bc280cd7ec5fd48e2fb5ee8dd73f8d01.jpg_720x720q80.jpg,ShortPants
Train\LongPants\American-Tall-Women-High-Rise-Cargo-Parachute-Pant-Slate-back_533x.jpg,LongPants
Train\Jacket\p2594837.jpg,Jacket
Train\Sandals\WEBSITE-BONITA-01-1_1200x.jpg,Sandals
Train\Jacket\71oEH14QJL._AC_UY1100_.jpg,Jacket
Train\Jacket\TT-5132-1018-3540_black_600x600.jpg,Jacket
Train\TShirt\image23.jpeg,TShirt
Train\ShortPants\image70.jpeg,ShortPants
Train\Jacket\image44.jpeg,Jacket
Train\Jacket\HMWJC0134-K092P21U4A.jpg,Jacket
Train\ShortPants\image62.jpeg,ShortPants
Train\LongPants\image42.jpeg,LongPants
Train\LongPants\LP0601.jpg,LongPants
Train\Shoes\MG_5242.jpg,Shoes
Train\Jacket\image29.jpeg,Jacket
Train\ShortPants\image21.jpeg,ShortPants
Train\ShortPants\image6.jpeg,ShortPants
Train\LongPants\image23.jpeg,LongPants
Train\Shoes\image13.jpeg,Shoes
Train\TShirt\image43.jpeg,TShirt
Train\TShirt\Alpin-Loacker-schwarzes-leichtes-merino-shirt-herren-kurzarm.jpg,TShirt
Train\Shoes\up_2018-02-c01_2972_running_shoes_fit.jpg,Shoes
Train\LongPants\maxresdefault.jpg,LongPants
Train\Sandals\1_2a3ee0bc-f1de-4e78-bdba-3cda742c2af9.png,Sandals
Train\ShortPants\3.png,ShortPants
Train\Sandals\783274-9099081.jpg,Sandals
Train\ShortPants\image55.jpeg,ShortPants
Train\Shoes\1024633.jpg,Shoes
Train\Sandals\image39.jpeg,Sandals
Train\TShirt\Mint-T-Shirt-119.jpg,TShirt
Train\TShirt\m-tshirts-mb.jpg,TShirt
Train\Sandals\image46.jpeg,Sandals
Train\ShortPants\image46.jpeg,ShortPants
Train\Jacket\essentiadownjacket_802x1024.jpg,Jacket
Train\Sandals\2022-L3-CK1-60190301-01-1.jpg,Sandals
Train\TShirt\image61.jpeg,TShirt
Train\Jacket\image20.jpeg,Jacket
Train\LongPants\no-apologies-9696-8658013-1.jpg,LongPants
Train\TShirt\image54.jpeg,TShirt
Train\Shoes\the-deer-family.JPG.jpg,Shoes
Train\ShortPants\image34.jpeg,ShortPants
Train\ShortPants\Wholesale-100-Cotton-Women-Fashion-Short-Pants.jpg,ShortPants
Train\Jacket\images15.jpg,Jacket
Train\Jacket\images48.jpg,Jacket
Train\TShirt\image9.jpeg,TShirt
Train\ShortPants\982965237_max.jpg,ShortPants
Train\Jacket\image7.jpeg,Jacket
Train\Jacket\Commodus-jacket-vinterjacka-PP7011-0996-M.jpg,Jacket
Train\Jacket\images33.jpg,Jacket
Train\ShortPants\NAH-BASIK-SHORT-PANTS-NAVY-1_grande.jpg,ShortPants
Train\Sandals\image23.jpeg,Sandals
Train\TShirt\image15.jpeg,TShirt
Train\Jacket\image25.jpeg,Jacket
Train\TShirt\CMT-1630-TshirtDesign-Tile004_en-us.png,TShirt
Train\Jacket\-1x-1.jpg,Jacket
Train\Sandals\image58.jpeg,Sandals
Train\Shoes\image26.jpeg,Shoes
Train\LongPants\image33.jpeg,LongPants
Train\TShirt\image57.jpeg,TShirt
Train\TShirt\asset1_cxnmarksandspencer_com-SD_03_T28_1995M_Y0_X_EC_1.jpg,TShirt
Train\ShortPants\sub-5561-1208503-1.jpg,ShortPants
Train\Sandals\image33.jpeg,Sandals
Train\ShortPants\image28.jpeg,ShortPants
Train\Shoes\in-season-tr-13-workout-shoes-BDTlPf.png,Shoes
Train\ShortPants\38109830.jpg,ShortPants
Train\Jacket\images51.jpg,Jacket
Train\LongPants\1b840df66254a6c97842037f1d59c844c4300724.jpg,LongPants
Train\Jacket\leather-jackets-gettyimages-1345117733a-1653329009.jpg,Jacket
Train\TShirt\image3.jpeg,TShirt
Train\TShirt\image18.jpeg,TShirt
Train\ShortPants\image5.jpeg,ShortPants
Train\LongPants\image65.jpeg,LongPants
Train\TShirt\Black_Tee_Front_1024x10242x.png,TShirt
Train\Shoes\back20to20school20copy.jpg,Shoes
Train\LongPants\O-34245-417LP_20Navy_20_2_2048x2048.jpg,LongPants
Train\ShortPants\MARIANA_DE_MELO.JPG.jpg,ShortPants
Train\Jacket\images2.jpg,Jacket
Train\ShortPants\polo-haus-7372-6327282-1.jpg,ShortPants
Train\LongPants\image9.jpeg,LongPants
Train\TShirt\image62.jpeg,TShirt
Train\ShortPants\FRONT_04935d8a-493b-400b-9028-f3a62e016cf4_1024x.jpg,ShortPants
Train\Sandals\-473Wx593H-465864122-pink-MODEL.jpg,Sandals
Train\Jacket\size5-1627460213788-232-hoodie-jacket.jpg,Jacket
Train\Jacket\images59.jpg,Jacket
Train\TShirt\image41.jpeg,TShirt
Train\ShortPants\f385a8c631cd9996670696075d1ffd51.jpg_720x720q80.jpg,ShortPants
Train\Shoes\p2393841.jpg,Shoes
Train\Sandals\jsk_feb_17_3087631-a.jpg,Sandals
Train\LongPants\img6172-2.jpg,LongPants
Train\Sandals\230222133923-underscored-teva-mens-original-universal-sandals.jpg,Sandals
Train\ShortPants\rBEevGKEjhmAWOFmAAGN_WiCY_0574.jpg,ShortPants
Train\Sandals\image32.jpeg,Sandals
Train\TShirt\image27.jpeg,TShirt
Train\ShortPants\image27.jpeg,ShortPants
Train\TShirt\image38.jpeg,TShirt
Train\Jacket\image64.jpeg,Jacket
Train\Jacket\image8.jpeg,Jacket
Train\TShirt\p2567760.jpg,TShirt
Train\Shoes\image51.jpeg,Shoes
Train\TShirt\h-embroidered-t-shirt--072025HA01-worn-1-0-0-1000-1000_g.jpg,TShirt
Train\TShirt\image66.jpeg,TShirt
Train\ShortPants\short20shorts202.jpg,ShortPants
Train\Jacket\KFCProd-21.jpg,Jacket
Train\TShirt\image65.jpeg,TShirt
Train\Jacket\DLX-1_FM_NAVY_02_2000x.jpg,Jacket
Train\Jacket\image10.jpeg,Jacket
Train\TShirt\image22.jpeg,TShirt
Train\TShirt\1686343241-img-3721-jpg-64838e3f462e7.jpg,TShirt
Train\TShirt\image19.jpeg,TShirt
Train\TShirt\RoyalMer-PE22-SALOMON-ANCRE-ELECTRICO-882A4552-939x1024.jpg,TShirt
Train\LongPants\image66.jpeg,LongPants
Train\Jacket\images58.jpg,Jacket
Train\LongPants\women-linen-flare-slit-pants-long-lounge-trousers-white-929047_2400x.jpg,LongPants
Train\TShirt\image11.jpeg,TShirt
Train\LongPants\b17e35d6-ee6e-4d83-8f38-8143c9f084f6.jpeg,LongPants
Train\Shoes\image47.jpeg,Shoes
Train\ShortPants\3e9454af-ac8a-4131-9924-e7b863a3afd01696317083073Shorts1.jpg,ShortPants
Train\Jacket\images38.jpg,Jacket
Train\LongPants\female-long-wide-sriped-gray-pants.jpg,LongPants
Train\TShirt\image68.jpeg,TShirt
Train\Sandals\image16.jpeg,Sandals
Train\Jacket\images7.jpg,Jacket
Train\ShortPants\image49.jpeg,ShortPants
Train\LongPants\583034.jpg,LongPants
Train\TShirt\SupimaTshirt_White_8.jpg,TShirt
Train\Jacket\Sports-Jacket-E28093-Blazer-E28093-Suit.jpg,Jacket
Train\TShirt\168277s.jpg,TShirt
Train\LongPants\image60.jpeg,LongPants
Train\Sandals\926608a2-35f1-40e7-ad82-840b3e9e34231707216849585TheRoadsterLifestyleCoWomenSportsSandals7.jpg,Sandals
Train\Sandals\elle-sitetemplate-diagonal-1-copy-64d4e8ad99776.jpg,Sandals
Train\Shoes\image2.jpeg,Shoes
Train\TShirt\image29.jpeg,TShirt
Train\Shoes\image24.jpeg,Shoes
Train\Jacket\argo-down-bomber-jacket-women-night-blue-moncler.jpg,Jacket
Train\TShirt\Mlotek-Procell.jpg,TShirt
Train\TShirt\Lacoste-tshirts.jpg,TShirt
Train\TShirt\F0807106901_2.jpg,TShirt
Train\Shoes\content_team_010818_52427_htc_running_shoes_hero2_lg.jpg,Shoes
Train\Sandals\image63.jpeg,Sandals
Train\Shoes\ATP03502-3-e1692733928952.jpg,Shoes
Train\ShortPants\polo-haus-2399-8953572-1.jpg,ShortPants
Train\Sandals\image61.jpeg,Sandals
Train\ShortPants\image38.jpeg,ShortPants
Train\Sandals\image12.jpeg,Sandals
Train\TShirt\image44.jpeg,TShirt
Train\LongPants\61OKOpLsi8L._AC_UY1000_.jpg,LongPants
Train\TShirt\image4.jpeg,TShirt
Train\ShortPants\image66.jpeg,ShortPants
Train\Sandals\image31.jpeg,Sandals
Train\Jacket\image51.jpeg,Jacket
Train\Sandals\colorful_sandals.jpg,Sandals
Train\ShortPants\image8.jpeg,ShortPants
Train\Jacket\image17.jpeg,Jacket
Train\TShirt\image58.jpeg,TShirt
Train\TShirt\h-embroidered-t-shirt--072025HA01-worn-5-0-0-800-800_g.jpg,TShirt
Train\Jacket\image15.jpeg,Jacket
Train\Jacket\image30.jpeg,Jacket
Train\TShirt\image52.jpeg,TShirt
Train\ShortPants\SPANT-104_ARMY_model02_32964770-bb3c-444c-8b99-690e59ac1cbd.jpg,ShortPants
Train\Jacket\image32.jpeg,Jacket
Train\LongPants\4550583204266_06_org_700x.jpg,LongPants
Train\LongPants\77063397-02_1_6.jpg,LongPants
Train\Sandals\image49.jpeg,Sandals
Train\TShirt\95746.jpg,TShirt
Train\TShirt\image64.jpeg,TShirt
Train\TShirt\image49.jpeg,TShirt
Train\Jacket\images23.jpg,Jacket
Train\Shoes\cushioned-shoes-15408-1632754154.jpg,Shoes
Train\TShirt\image53.jpeg,TShirt
Train\TShirt\image16.jpeg,TShirt
Train\Shoes\mschf-bwd-shoes-backwards-designboom-500.jpg,Shoes
Train\Sandals\Raffia_1080x1080_d63b1d52-fc96-4c46-ba99-c992ea121465.jpg,Sandals
Train\LongPants\image70.jpeg,LongPants
Train\Sandals\image6.jpeg,Sandals
Train\Jacket\MENS-KINGS-JACKET-HERO-BRONZE.jpg,Jacket
Train\LongPants\image32.jpeg,LongPants
Train\ShortPants\image71.jpeg,ShortPants
Train\ShortPants\A12717_068DY_58Q_E.jpg,ShortPants
Train\Shoes\best-comfortable-shoes-women-MAIN-2023.jpg,Shoes
Train\TShirt\t-shirt-design-header.jpg,TShirt
Train\Jacket\Winter20jacket2028Rab20Neutrino20Pro20in20the20mountains20-20m29.jpg,Jacket
Train\Shoes\406866_25193_XXL.jpg,Shoes
Train\TShirt\e_s_T-Shirt_cotton-8075-3-637868074596475727.png,TShirt
Train\Shoes\image33.jpeg,Shoes
Train\LongPants\image20.jpeg,LongPants
Train\ShortPants\90-71403_045-01.jpg,ShortPants
Train\Jacket\downjackets-2048px-9083-3x2-1.jpg,Jacket
Train\LongPants\image53.jpeg,LongPants
Train\Jacket\images26.jpg,Jacket
Train\Jacket\images19.jpg,Jacket
Train\TShirt\donic-shirt_argon-blue-front-web_600x600.jpg,TShirt
Train\TShirt\SD_03_T28_5311M_T0_X_EC_90.jpg,TShirt
Train\Sandals\image36.jpeg,Sandals
Train\Sandals\image29.jpeg,Sandals
Train\LongPants\straight-leg-coated-jeans-1500x1200.jpg,LongPants
Train\Sandals\1_2ad574ee-c94c-486c-b2c4-7653638dd12b.jpg,Sandals
Train\LongPants\images.jpg,LongPants
Train\LongPants\longjambys-black.jpg,LongPants
Train\ShortPants\image4.jpeg,ShortPants
Train\Jacket\26_223-6013-L_2776_ca3c4dae-f3fb-469e-90e7-a2e948c2980a_1024x.jpg,Jacket
Train\Sandals\image30.jpeg,Sandals
Train\ShortPants\e462edc48ddd4b12004d5b01698254f8.jpg,ShortPants
Train\Shoes\unicorn-shoes-1-1536x1257_510x2x.jpg,Shoes
Train\Jacket\image42.jpeg,Jacket
Train\LongPants\LPFW_600x.jpg,LongPants
Train\TShirt\21nmjj9fhHL._AC_SY580_.jpg,TShirt
Train\Sandals\image2.jpeg,Sandals
Train\Shoes\image12.jpeg,Shoes
Train\TShirt\white-t-shirt-2.jpg,TShirt
Train\LongPants\image16.jpeg,LongPants
Train\TShirt\5178704800_2_1_1.jpg,TShirt
Train\ShortPants\image64.jpeg,ShortPants
Train\Jacket\image55.jpeg,Jacket
Train\Jacket\large_A976.jpg,Jacket
Train\TShirt\image67.jpeg,TShirt
Train\ShortPants\images3.jpg,ShortPants
Train\LongPants\image64.jpeg,LongPants
Train\Jacket\images31.jpg,Jacket
Train\Jacket\jackets.jpg,Jacket
Train\ShortPants\image17.jpeg,ShortPants
Train\Shoes\Campus-978x1256_1._SY1050_QL85_.jpg,Shoes
Train\Sandals\image38.jpeg,Sandals
Train\ShortPants\image12.jpeg,ShortPants
Train\Jacket\image62.jpeg,Jacket
Train\LongPants\image10.jpeg,LongPants
Train\ShortPants\Relaxed-Short-6.jpg,ShortPants
Train\Jacket\433377126_max.jpg,Jacket
Train\Sandals\dd62ab08-5170-4957-b770-bbacecc8dc641701549296016BeigeSustainableSlip-OnWomenComfortSandals1.jpg,Sandals
Train\Sandals\-1117Wx1400H-469401265-blue-MODEL.jpg,Sandals
Train\TShirt\image34.jpeg,TShirt
Train\Sandals\PSB.._1200x.jpg,Sandals
Train\TShirt\image46.jpeg,TShirt
Train\Sandals\sandals-2048px-5430.jpg,Sandals
Train\Sandals\nike-hike-sandals.jpg,Sandals
Train\Shoes\gettyimages-1090985526-170667a.jpg,Shoes
Train\LongPants\s-l12002.jpg,LongPants
Train\Shoes\8-white-leaf-8-urbanbox-white-black-original-imagvgf4cuzs2hrw.jpeg,Shoes
Train\ShortPants\kets-fleece-short-pants-men-and-kids-basic-short-light-khaki_CM07675-P-YLW_1.jpg,ShortPants
Train\Shoes\p2153179.jpg,Shoes
Train\ShortPants\633ffe14f8afec4d6e7495fd-short-pants-men-39-s-summertime-cotton.jpg,ShortPants
Train\Sandals\erce-christianlouboutin-missjanesandal-1240938_g306_1_1200x1200_202312202240.jpg,Sandals
Train\Jacket\image50.jpeg,Jacket
Train\ShortPants\OEM-Supply-Multicolor-100-Cotton-Men-Short-Pants-Mens-Shorts-for-Business.jpg,ShortPants
Train\Shoes\11-pairs-of-basketball-shoes.jpg,Shoes
Train\ShortPants\Z01_65650-01.jpg,ShortPants
Train\Shoes\image41.jpeg,Shoes
Train\ShortPants\PJdgFFrNJGgTmmUQMUm4WZWtKMaZJxJgLqLmPfy8.jpg,ShortPants
Train\Shoes\image22.jpeg,Shoes
Train\ShortPants\image23.jpeg,ShortPants
Train\Sandals\India_Beige_4_1024x1024.jpg,Sandals
Train\LongPants\image29.jpeg,LongPants
Train\LongPants\image.jpeg,LongPants
Train\TShirt\image60.jpeg,TShirt
Train\Shoes\image48.jpeg,Shoes
Train\Shoes\image37.jpeg,Shoes
Train\LongPants\23310511r_1.jpg,LongPants
Train\Jacket\119598-REFP0-front.jpg,Jacket
Train\TShirt\standard-plain-round-neck-shirt-white_3df27f08-a7d0-4605-8d10-f672bdd37bf0_600x.png,TShirt
Train\Sandals\image28.jpeg,Sandals
Train\Jacket\jackets2.jpg,Jacket
Train\Shoes\image49.jpeg,Shoes
Train\ShortPants\SS22SPW013640XS_2.jpg,ShortPants
Train\TShirt\EMPIRO_KARL_TEE_BLCK_ORANGE_2.png,TShirt
Train\ShortPants\polo-haus-2407-9953572-1.jpg,ShortPants
Train\LongPants\image12.jpeg,LongPants
Train\ShortPants\ae24036263c56217c8f7765480bf2d2d.png,ShortPants
Train\Jacket\image53.jpeg,Jacket
Train\Jacket\image33.jpeg,Jacket
Train\Jacket\230117-puffer-jacket-bd-2x1.jpg,Jacket
Train\Sandals\image5.jpeg,Sandals
Train\Jacket\images60.jpg,Jacket
Train\TShirt\image6.jpeg,TShirt
Train\Jacket\image40.jpeg,Jacket
Train\LongPants\image54.jpeg,LongPants
Train\ShortPants\image13.jpeg,ShortPants
Train\LongPants\long-pants-cartoon_119631-375.jpg,LongPants
Train\ShortPants\image69.jpeg,ShortPants
Train\Jacket\images41.jpg,Jacket
Train\Sandals\0037842_petersham_cross_over_leather_sandal_brown33766.jpg,Sandals
Train\ShortPants\656fea9b932a0_1701833371.jpg,ShortPants
Train\Jacket\image.jpeg,Jacket
Train\Sandals\buy-premium-sandals-for-men-in-india.jpg,Sandals
Train\Sandals\RoblinFootwear191b.jpg,Sandals
Train\Shoes\image10.jpeg,Shoes
Train\Jacket\men-winter-fashion-jacket-500x500.jpeg,Jacket
Train\ShortPants\Basik_Short_Pants_Olive_1_600x.jpg,ShortPants
Train\Jacket\tentree-cloud-shell-puffer-jacket-020-1675265725.jpg,Jacket
Train\Jacket\image6.jpeg,Jacket
Train\Jacket\images6.jpg,Jacket
Train\Sandals\image25.jpeg,Sandals
Train\ShortPants\Fashion-Shorts-Women-Short-Pants-Ladies-Shorts-Jeans.jpg,ShortPants
Train\Jacket\image37.jpeg,Jacket
Train\TShirt\TS6580UOY13_BG2_001.jpg,TShirt
Train\Jacket\CWJ-1_CARBON_2000x.jpg,Jacket
Train\LongPants\STP-17M-1002-NAVY-FRONT.jpg,LongPants
Train\Shoes\shoes-art.jpg,Shoes
Train\Shoes\nike-lebron.jpg,Shoes
Train\TShirt\image25.jpeg,TShirt
Train\Jacket\04391708526-a3.jpg,Jacket
Train\Shoes\image16.jpeg,Shoes
Train\TShirt\image31.jpeg,TShirt
Train\Shoes\imagetools0_2974.jpg,Shoes
Train\Sandals\8-0a-4c-61-614c0ac83a0ed692c1b23c1b-Able-Mushroom-Profile-1.jpg-24ABLEMUSW36.jpg,Sandals
Train\LongPants\images2.jpg,LongPants
Train\TShirt\image7.jpeg,TShirt
Train\Sandals\71tRhnjIacL._AC_UF8941000_QL80_.jpg,Sandals
Train\LongPants\image31.jpeg,LongPants
Train\Shoes\image6.jpeg,Shoes
Train\Sandals\SS301W_WhitSandal-WomenSandal-Mint1_1200x1200.jpg,Sandals
Train\ShortPants\SPANT-107_KHAKI_model03.jpg,ShortPants
Train\LongPants\image15.jpeg,LongPants
Train\TShirt\plain-blue-tshirt_grande.jpg,TShirt
Train\LongPants\Westfiels-Sports-High-School-Sports-Long-Sports-Pants-1.png,LongPants
Train\LongPants\236WCP84D059_035_3.jpg,LongPants
Train\TShirt\57054405_02.jpg,TShirt
Train\ShortPants\Short-Chino-Olive-4-1.jpg,ShortPants
Train\ShortPants\s-added-thermal-protection-and-two-side-pocket-perfect-design_black_UCP002_1.jpg,ShortPants
Train\LongPants\cdb43496a63ae6e0725f7967ba00d3f9.jpg_720x720q80.jpg,LongPants
Train\Sandals\Slides_1080x1080_1da65f86-c0e7-489f-a090-8650415b642b.jpg,Sandals
Train\TShirt\image39.jpeg,TShirt
Train\Jacket\image31.jpeg,Jacket
Train\Jacket\ku-gmn-dc-1101a.jpg,Jacket
Train\Shoes\FIRST_11G-787_WHT-SIL-B.ORG.jpg,Shoes
Train\LongPants\sunnydaysweety-0696-6645916-1.jpg,LongPants
Train\Shoes\f57c539d91685518426707HRXbyHrithikRoshanMenWhiteMeshRunningNon-MarkingShoes1.jpg,Shoes
Train\Sandals\image8.jpeg,Sandals
Train\Jacket\image65.jpeg,Jacket
Train\Sandals\image4.jpeg,Sandals
Train\Jacket\images12.jpg,Jacket
Train\Sandals\image45.jpeg,Sandals
Train\ShortPants\image68.jpeg,ShortPants
Train\Jacket\Mens-Thermotough-Jacket-LIM-0336-JBK-0-bottomleft-recycled-fill-sticker-30-555x555.jpg,Jacket
Train\ShortPants\23OpenThread-gzvq-articleLarge-v2.jpg,ShortPants
Train\Jacket\faux-leather-varsity-jacket.jpg,Jacket
Train\Sandals\image27.jpeg,Sandals
Train\TShirt\margaret-howell-men-y00-t-shirt-egyptian-cotton-black-back.jpg,TShirt
Train\Shoes\image23.jpeg,Shoes
Train\Sandals\image40.jpeg,Sandals
Train\Sandals\image34.jpeg,Sandals
Train\LongPants\BLACK_03c05f55-a02b-4caa-a2be-422393f830f1_600x.jpg,LongPants
Train\Jacket\images56.jpg,Jacket
Train\ShortPants\boys-sweat-shorts-pant-fashion-flat-sketch-illustration-template-vector.jpg,ShortPants
Train\LongPants\image26.jpeg,LongPants
Train\Jacket\men-s-redwoods-softshell-jacket-with-fleece-lining.jpg,Jacket
Train\Jacket\image27.jpeg,Jacket
Train\TShirt\image50.jpeg,TShirt
Train\Sandals\image35.jpeg,Sandals
Train\TShirt\e_s_T-Shirt_cotton-8070-3-637868074596475727.png,TShirt
Train\Sandals\-473Wx593H-466317875-copper-MODEL.jpg,Sandals
Train\TShirt\4550583095925_1260.jpg,TShirt
Train\Shoes\Galaxy_6_Shoes_Black_GW3848_01_standard.jpg,Shoes
Train\Shoes\shoes.jpg,Shoes
Train\Jacket\image12.jpeg,Jacket
Train\Sandals\ferragamo-cage-heel-slide_22497711_48928005_2048.jpg,Sandals
Train\LongPants\HOW-LONG-SHOULD-YOUR-PANTS-BE-.jpg,LongPants
Train\Sandals\230222133118-underscored-steve-madden-womens-balanced-slide-sandal.jpg,Sandals
Train\Jacket\Marmot_NZ_Mens_Down_and_Insulated_Jackets_1200x1200.png,Jacket
Train\Sandals\05365f35-ee1c-4456-8292-e0144a90232b.66d459e00205fb42dcd8285330b0548d.jpeg,Sandals
Train\TShirt\p2436315.jpg,TShirt
Train\TShirt\premium-t-shirt-red.jpg,TShirt
Train\Shoes\king-and-bay-custom-clothing-toronto-spring-shoe-trends-men.png,Shoes
Train\LongPants\American-Tall-Men-J1-5-Pocket-Black-front.jpg,LongPants
Train\Jacket\51Re8qRfcYL._AC_UY1100_.jpg,Jacket
Train\LongPants\untold-pocket-long-pants-green.jpg,LongPants
Train\TShirt\TSCO_5000_Essential_Heavy_Tee_black.jpg,TShirt
Train\Shoes\jogflow-5001-men-s-running-shoes-white-blue-red.jpg,Shoes
Train\LongPants\494_63e77ffa-309a-46d5-ad1c-476fbfbedecd_1.2221bce06ce4c8151afaf8365ebfaf19.jpeg,LongPants
Train\Jacket\images4.jpg,Jacket
Train\Shoes\image35.jpeg,Shoes
Train\LongPants\image34.jpeg,LongPants
Train\TShirt\Select-The-Best-From-This-Stellar-Range-Of-Mens-T-shirts-Louis-Philippe-Fashion-Blogs.jpg,TShirt
Train\Sandals\710F22_MG_7009.jpg,Sandals
Train\Shoes\slide_2.jpg,Shoes
Train\Shoes\AD-Comfort-Walking-Blue-shoes-for-Kids-1-1.jpg,Shoes
Train\Jacket\119368-BLK00-front.jpg,Jacket
Train\Shoes\aa500205-ba8a-4b5b-83b3-6fbeef678ddc.480f707bdd92c6873286f95a0e4d324a.jpeg,Shoes
Train\LongPants\images5.jpg,LongPants
Train\Jacket\mh-9-14-fall-jackets-65031395882db.png,Jacket
Train\TShirt\SleepMode-VacayMode_600x600.jpg,TShirt
Train\Shoes\asics-choose-running-shoes-lp-article-06032022-2.jpg,Shoes
Train\Jacket\image54.jpeg,Jacket
Train\Sandals\The-10-best-barefoot-sandals-review-1024x791.jpg,Sandals
Train\Sandals\image21.jpeg,Sandals
Train\LongPants\image68.jpeg,LongPants
Train\TShirt\Custom-Embroidered-T-Shirt-Polo-Neck-400x400.jpg,TShirt
Train\TShirt\HideThePainHarold-CustomDesign-Mockup_2e627725-7d34-43d5-ac86-f5c66a684cf6.jpg,TShirt
Train\Jacket\image41.jpeg,Jacket
Train\TShirt\DSC1934-571871_800x.jpg,TShirt
Train\Sandals\image53.jpeg,Sandals
Train\ShortPants\image37.jpeg,ShortPants
Train\LongPants\image37.jpeg,LongPants
Train\ShortPants\image40.jpeg,ShortPants
Train\ShortPants\image24.jpeg,ShortPants
Train\LongPants\image46.jpeg,LongPants
Train\ShortPants\image50.jpeg,ShortPants
Train\Shoes\image40.jpeg,Shoes
Train\Shoes\mary-leest-wears-a-dark-green-pleated-accordion-midi-skirt-news-photo-1702551645.jpg,Shoes
Train\LongPants\image56.jpeg,LongPants
Train\LongPants\KP2245_Delta_Long_Flare_Pants_Black_01_d3f9b25b-c416-4b32-94dd-79859db7ceea.jpg,LongPants
Train\Jacket\image56.jpeg,Jacket
Train\Sandals\image37.jpeg,Sandals
Train\LongPants\image51.jpeg,LongPants
Train\TShirt\image59.jpeg,TShirt
Train\Shoes\image32.jpeg,Shoes
Train\TShirt\category.jpg,TShirt
Train\Sandals\zeus-sandals-made-in-italy-fashion-shop-EVGLU1258BAT-TM-3.jpg,Sandals
Train\Sandals\canyon-junior-school-sports-sandals-black-image02-canyon-sports-sandal.jpg,Sandals
Train\LongPants\image58.jpeg,LongPants
Train\LongPants\image22.jpeg,LongPants
Train\LongPants\7ebcae9f1f17f64da43670ae576ece4b.jpg_720x720q80.jpg,LongPants
Train\Jacket\insulatedjackets-2048px-1.jpg,Jacket
Train\Sandals\image7.jpeg,Sandals
Train\ShortPants\38257365.jpg,ShortPants
Train\Shoes\liana-shoes.jpg,Shoes
Train\ShortPants\image43.jpeg,ShortPants
Train\LongPants\4550512734598_06_org_700x.jpg,LongPants
Train\Sandals\806274-9567340.jpg,Sandals
Train\ShortPants\image61.jpeg,ShortPants
Train\Jacket\pasted_image_0_840x_crop_center.png,Jacket
Train\Jacket\VT07-RB-F_600x.png,Jacket
Train\Sandals\image51.jpeg,Sandals
Train\Jacket\mukabi-sherpa-lined-leather-jacket.jpg,Jacket
Train\Jacket\image48.jpeg,Jacket
Train\LongPants\image45.jpeg,LongPants
Train\ShortPants\4550512774310_1260.jpg,ShortPants
Train\Jacket\images46.jpg,Jacket
Train\Sandals\2534501.jpg,Sandals
Train\Sandals\stylish-barefoot-sandals-collection-4.-high-heelsjpg-e1707520627644.jpg,Sandals
Train\Sandals\image54.jpeg,Sandals
Train\Sandals\image60.jpeg,Sandals
Train\LongPants\6cba438f49881c8bed2f49db36d77268.jpg,LongPants
Train\Jacket\65380ba9e86ef865334fcb14-men-denim-jacket-streetwear-hip-hop.jpg,Jacket
Train\LongPants\Boys-Navy-Long-Pants-1.jpg,LongPants
Train\Sandals\LEATHERWOMANSANDALBROWN_33E43BG__02.jpg,Sandals
Train\Jacket\image35.jpeg,Jacket
Train\Jacket\images11.jpg,Jacket
Train\Shoes\image39.jpeg,Shoes
Train\TShirt\image10.jpeg,TShirt
Train\ShortPants\image20.jpeg,ShortPants
Train\Sandals\image50.jpeg,Sandals
Train\Shoes\HOKA_W_MACH5_s.jpg,Shoes
Train\LongPants\SH_P2MB090109_01_XL_1000x.jpg,LongPants
Train\ShortPants\4550512785170_1260.jpg,ShortPants
Train\LongPants\238WCP95E085_081_3.jpg,LongPants
Train\Jacket\images53.jpg,Jacket
Train\Jacket\images25.jpg,Jacket
Train\LongPants\MV5BMTQ4NTY2MzA1M15BMl5BanBnXkFtZTgwMDE5NzM2MzE._V1_.jpg,LongPants
Train\ShortPants\429715856_max.jpg,ShortPants
Train\LongPants\Confortable-Fabric-Casual-or-Office-Wide-Leg-Long-Trousers-for-Ladies.jpg,LongPants
Train\ShortPants\image56.jpeg,ShortPants
Train\Shoes\shoes1.jpg,Shoes
Train\Shoes\merlin_186039729_cdb846bf-dc3f-49cf-8552-e3992140338b-superJumbo.jpg,Shoes
Train\Sandals\image47.jpeg,Sandals
Train\Jacket\puffer-coat-lead.jpg,Jacket
Train\TShirt\57010795_01.jpg,TShirt
Train\ShortPants\image52.jpeg,ShortPants
Train\TShirt\image30.jpeg,TShirt
Train\ShortPants\proper-fitting-shorts-for-short-men-926061.jpg,ShortPants
Train\Jacket\life-padded-hooded-jacket-tGtbCt.png,Jacket
Train\Jacket\image22.jpeg,Jacket
Train\Jacket\images27.jpg,Jacket
Train\Shoes\watershoes-2048px-1243-2.jpg,Shoes
Train\ShortPants\Clothing-and-Accessories.023-600x600.jpeg,ShortPants
Train\LongPants\image40.jpeg,LongPants
Train\LongPants\image6.jpeg,LongPants
Train\Sandals\300967096TAN_1.jpg,Sandals
Train\LongPants\image35.jpeg,LongPants
Train\ShortPants\shorts_71442211_500.jpg,ShortPants
Train\TShirt\-473Wx593H-465634623-navy-MODEL.jpg,TShirt
Train\LongPants\image19.jpeg,LongPants
Train\LongPants\image57.jpeg,LongPants
Train\ShortPants\girls-short-pants-500x500.jpg,ShortPants
Train\Sandals\image48.jpeg,Sandals
Train\Shoes\image44.jpeg,Shoes
Train\TShirt\1410760800_1_1_16.jpg,TShirt
Train\ShortPants\61cAMRnvvL._AC_UF10001000_QL80_.jpg,ShortPants
Train\TShirt\sportswear-club-mens-t-shirt-ShrJfX.png,TShirt
Train\LongPants\pants-toolong.jpg,LongPants
Train\Sandals\images.jpg,Sandals
Train\Jacket\z_2301368_bric.jpg,Jacket
Train\Jacket\images55.jpg,Jacket
Train\ShortPants\image54.jpeg,ShortPants
Train\TShirt\1141-FrontImage-whiteadVkD5wOokVPC.png,TShirt
Train\ShortPants\s-l12004.jpg,ShortPants
Train\ShortPants\image.jpeg,ShortPants
Train\TShirt\w4jlujltx2qxdcllpcg34t7qvaia9c6hp0zv213yumsshmrd.png.png,TShirt
Train\LongPants\how-to-wear-flat-sneakers-with-long-pants-for-petites-scaled-e1664390446762.jpg,LongPants
Train\LongPants\il_570xN.3420227066_m33p.jpg,LongPants
Train\Jacket\images54.jpg,Jacket
Train\ShortPants\image60.jpeg,ShortPants
Train\ShortPants\6b02c854a060cf28b855a8b7dfa3b2d8.jpg,ShortPants
Train\Shoes\pri_175_p-1681889786.jpg,Shoes
Train\Shoes\230428-nike-vl-2x1.jpg,Shoes
Train\TShirt\image55.jpeg,TShirt
Train\Shoes\image31.jpeg,Shoes
Train\Jacket\430102-9399-201034-2-zoom.jpg,Jacket
Train\LongPants\image7.jpeg,LongPants
Train\Shoes\creative-collection_1024x700_crop_center.jpg,Shoes
Train\Jacket\image61.jpeg,Jacket
Train\Shoes\24022022_A_01.jpeg,Shoes
Train\Jacket\HLJK000298_jes0.jpg,Jacket
Train\LongPants\images3.jpg,LongPants
Train\ShortPants\517609010_max.jpg,ShortPants
Train\ShortPants\IMG_E1045.jpg,ShortPants
Train\Shoes\image28.jpeg,Shoes
Train\Shoes\image7.jpeg,Shoes
Train\LongPants\Girls20Long20Navy20Pant-500x500.jpg,LongPants
Train\ShortPants\6366ce4f41647e325a059de8-bike-shorts-men-mens-workout-shorts.jpg,ShortPants
Train\TShirt\sportswear-essential-womens-t-shirt-GFbGbt.png,TShirt
Train\Sandals\zimmermann-aura-mule-65-65ce79d921394.jpg,Sandals
Train\Shoes\image36.jpeg,Shoes
Train\TShirt\e_s_T-Shirt_cotton-8055-3-637868075235549114.png,TShirt
Train\ShortPants\image22.jpeg,ShortPants
Train\Jacket\image26.jpeg,Jacket
Train\TShirt\image20.jpeg,TShirt
Train\Jacket\images49.jpg,Jacket
Train\LongPants\images6.jpg,LongPants
Train\Jacket\1_7d097a2f-a15a-4674-93ce-a06c1af49cf1.jpg,Jacket
Train\LongPants\koton-9739-3166633-1.jpg,LongPants
Train\Jacket\best-leather-jackets-free-people-skylinge.png,Jacket
Train\TShirt\image33.jpeg,TShirt
Train\Sandals\1087063.jpg,Sandals
Train\Shoes\202420SHOES2018012420SHOES-MAIN.jpg,Shoes
Train\ShortPants\image44.jpeg,ShortPants
Train\ShortPants\image10.jpeg,ShortPants
Train\Jacket\image28.jpeg,Jacket
Train\TShirt\all-over-custom-t-shirt-printing-1251085_l.jpeg,TShirt
Train\ShortPants\8f5c5afc-593a-472f-a813-b151f01d9d90.a043d7b90257a794f4e0ce2ae7438543.jpeg,ShortPants
Train\ShortPants\W-Short1-600x600.jpg,ShortPants
Train\Sandals\image11.jpeg,Sandals
Train\ShortPants\image45.jpeg,ShortPants
Train\Sandals\Thumbnail-7633411UU001000_A.jpg,Sandals
Train\TShirt\image28.jpeg,TShirt
Train\ShortPants\chino-shorts-dark-blue-lightweight-stretch-chino-short-44305996972330.jpg,ShortPants
Train\ShortPants\64787a39c588401696164729-men-39-s-big-and-tall-denim-baggy.jpg,ShortPants
Train\LongPants\image62.jpeg,LongPants
Train\ShortPants\SS22SPW013640XS_1.jpg,ShortPants
Train\LongPants\661116605_max.jpg,LongPants
Train\Jacket\AFP-2_FRONT_HOOD_UP_Navy_Graphite_2000x.jpg,Jacket
Train\ShortPants\chino-shorts-vintage-khaki-lightweight-stretch-chino-short-44254644109610.jpg,ShortPants
Train\Jacket\8809947343001_01_JPG_540x.jpg,Jacket
Train\LongPants\KP2443_LUX_LONG_FLARE_PANTS_AGAVE_GREEN_03.jpg,LongPants
Train\TShirt\image45.jpeg,TShirt
Train\TShirt\image24.jpeg,TShirt
Train\Sandals\S5ddf30ff6abe4b8fac71672b89d2d42fn.jpg_720x720q80.jpg,Sandals
Train\LongPants\image3.jpeg,LongPants
Train\ShortPants\eng_pl_EXPEDITION-SHORT-PANTS-GOMATI-PENTAGON-R-KHAKI-18515_1.jpg,ShortPants
Train\Sandals\image42.jpeg,Sandals
Train\Sandals\image9.jpeg,Sandals
Train\Sandals\image55.jpeg,Sandals
Train\Jacket\images45.jpg,Jacket
Train\Sandals\71qS2WtGsqL._AC_UY1000_.jpg,Sandals
Train\Sandals\ferragamo-cage-heel-sandal_22497730_48446030_2048.jpg,Sandals
Train\Sandals\image41.jpeg,Sandals
Train\Shoes\image21.jpeg,Shoes
Train\ShortPants\38ae589813850a7bdc39624900524ee5.jpg,ShortPants
Train\TShirt\images3.jpg,TShirt
Train\TShirt\light-grey-t-shirt.png,TShirt
Train\Jacket\mygoods_35_463996.jpg,Jacket
Train\Jacket\Outdoor20Research20Coldfront20Down20Hoodie2028winter20jacket29.jpg,Jacket
Train\Jacket\image4.jpeg,Jacket
Train\LongPants\female-long-wide-striped-white-pants.jpg,LongPants
Train\Jacket\run-running-winter-jackets-651c6de642f54.jpg,Jacket
Train\LongPants\users_2f1ec8e9-ceff-44de-8263-14a8e5031373.d7cd9b388ecc83e5f24aa27369277674.jpeg,LongPants
Train\Shoes\best-shoe-brands-nike-asics-celine.jpg,Shoes
Train\Sandals\sandals-2048px-seychelles-1.jpg,Sandals
Train\Jacket\Paris2520Mens2520Fall2520222520day252032520by2520STYLEDUMONDE0K3A6025FullRes.jpg,Jacket
Train\Sandals\ftwweonklp000060aw21maroon_1.jpg,Sandals
Train\LongPants\image14.jpeg,LongPants
Train\Shoes\image5.jpeg,Shoes
Train\Sandals\woven-2.jpg,Sandals
Train\TShirt\images5.jpg,TShirt
Train\LongPants\cn52289383-6421c04d55c87.jpg,LongPants
Train\Sandals\209409_5pg_alt100.jpg,Sandals
Train\LongPants\image13.jpeg,LongPants
Train\Shoes\399858_31506_XXL.jpg,Shoes
Train\Shoes\image42.jpeg,Shoes
Train\Sandals\417Da1xEgbL._AC_.jpg,Sandals
Train\Sandals\11421733.jpg,Sandals
Train\TShirt\image8.jpeg,TShirt
Train\Jacket\p2594898.jpg,Jacket
Train\ShortPants\image2.jpeg,ShortPants
Train\Jacket\mens-winter-jacket-500x500.jpg,Jacket
Train\Shoes\image46.jpeg,Shoes
